
-- HOSTS

INSERT INTO user(SIN, birthday, uoccupation, uname, password) VALUES('307896555', '2000-01-01', 'Mechanical engineer', 'Tianxing Zhong', '102903'); 
INSERT INTO host(SIN) VALUES('307896555'); 
INSERT INTO address(postalCode, city, country, province, apartmentSuite, street) VALUES('Z7S6V8', 'beijing', 'China', 'Beijing', 12, 'Changan Rd'); 
INSERT INTO userHasAddress(SIN, postalCode, city, country, province, apartmentSuite, street) VALUES('307896555', 'Z7S6V8', 'beijing', 'China', 'Beijing', 12, 'Changan Rd'); 

INSERT INTO user(SIN, birthday, uoccupation, uname, password) VALUES('198637281', '1937-09-08', 'General Secretary', 'Mikhail Gorbachev', '12345'); 
INSERT INTO host(SIN) VALUES('198637281'); 
INSERT INTO address(postalCode, city, country, province, apartmentSuite, street) VALUES('7C8Z97', 'Moscow', 'Russia', 'Moscow', -1, '123 Moscow Rd'); 
INSERT INTO userHasAddress(SIN, postalCode, city, country, province, apartmentSuite, street) VALUES('198637281', '7C8Z97', 'Moscow', 'Russia', 'Moscow', -1, '123 Moscow Rd'); 

INSERT INTO user(SIN, birthday, uoccupation, uname, password) VALUES('786300891', '1918-03-08', 'USA President', 'Ronald Reagan', '123780'); 
INSERT INTO host(SIN) VALUES('786300891'); 
INSERT INTO address(postalCode, city, country, province, apartmentSuite, street) VALUES('C8Z5C7', 'New York', 'USA', 'New York', -1, '98 Reagan Rd'); 
INSERT INTO userHasAddress(SIN, postalCode, city, country, province, apartmentSuite, street) VALUES('786300891', 'C8Z5C7', 'New York', 'USA', 'New York', -1, '98 Reagan Rd'); 

INSERT INTO user(SIN, birthday, uoccupation, uname, password) VALUES('898010883', '1918-03-15', 'Journalist', 'Mike Wallace', '119012'); 
INSERT INTO host(SIN) VALUES('898010883'); 
INSERT INTO address(postalCode, city, country, province, apartmentSuite, street) VALUES('K7Z0G1', 'New York', 'USA', 'New York', -1, '133 Queens Rd'); 
INSERT INTO userHasAddress(SIN, postalCode, city, country, province, apartmentSuite, street) VALUES('898010883', 'K7Z0G1', 'New York', 'USA', 'New York', -1, '133 Queens Rd'); 

INSERT INTO user(SIN, birthday, uoccupation, uname, password) VALUES('879223766', '1931-07-10', 'Prime Minister', 'Justin Trudeau', '123780'); 
INSERT INTO host(SIN) VALUES('879223766'); 
INSERT INTO address(postalCode, city, country, province, apartmentSuite, street) VALUES('K7I9H7', 'Ottawa', 'Canada', 'Ontario', -1, '18 Kings Rd'); 
INSERT INTO userHasAddress(SIN, postalCode, city, country, province, apartmentSuite, street) VALUES('879223766', 'K7I9H7', 'Ottawa', 'Canada', 'Ontario', -1, '18 Kings Rd'); 

-- Renters

INSERT INTO user(SIN, birthday, uoccupation, uname, password) VALUES('118766990', '1972-08-10', 'Singer', 'Justin Bieber', '12356'); 
INSERT INTO renter(SIN) VALUES('118766990'); 
INSERT INTO address(postalCode, city, country, province, apartmentSuite, street) VALUES('N8Z7C9', 'Toronto', 'Canada', 'Ontario', -1, '20 Kingston Rd'); 
INSERT INTO userHasAddress(SIN, postalCode, city, country, province, apartmentSuite, street) VALUES('118766990', 'N8Z7C9', 'Toronto', 'Canada', 'Ontario', -1, '20 Kingston Rd'); 
INSERT INTO paymentMethod(type, cardNumber) VALUES('credit', '100781987'); 
INSERT INTO HasPaymentMethod(SIN, type, cardNumber) VALUES('118766990', 'credit', '100781987'); 

INSERT INTO user(SIN, birthday, uoccupation, uname, password) VALUES('718001891', '1972-08-30', 'Prime Minister', 'Neo Red', '123780'); 
INSERT INTO renter(SIN) VALUES('718001891'); 
INSERT INTO address(postalCode, city, country, province, apartmentSuite, street) VALUES('K0Z9V7', 'Ottawa', 'Canada', 'Ontario', -1, '17 Kingston Rd'); 
INSERT INTO userHasAddress(SIN, postalCode, city, country, province, apartmentSuite, street) VALUES('718001891', 'K0Z9V7', 'Ottawa', 'Canada', 'Ontario', -1, '17 Kingston Rd'); 
INSERT INTO paymentMethod(type, cardNumber) VALUES('credit', '331099223'); 
INSERT INTO HasPaymentMethod(SIN, type, cardNumber) VALUES('718001891', 'credit', '331099223'); 

INSERT INTO user(SIN, birthday, uoccupation, uname, password) VALUES('816886265', '1972-08-30', 'Prime Minister', 'Some renter', '123780'); 
INSERT INTO renter(SIN) VALUES('816886265'); 
INSERT INTO address(postalCode, city, country, province, apartmentSuite, street) VALUES('M7V6C8', 'Quebec City', 'Canada', 'Quebec', -1, '2235 Some Rd'); 
INSERT INTO userHasAddress(SIN, postalCode, city, country, province, apartmentSuite, street) VALUES('816886265', 'M7V6C8', 'Quebec City', 'Canada', 'Quebec', -1, '2235 Some Rd'); 
INSERT INTO paymentMethod(type, cardNumber) VALUES('credit', '221898367'); 
INSERT INTO HasPaymentMethod(SIN, type, cardNumber) VALUES('816886265', 'debit', '221898367'); 


-- Listings
-- Toronto 1
INSERT INTO listing(ltype) VALUES('house'); 
INSERT INTO hostPostListing(SIN, lid, postDate) VALUES('307896555', last_insert_id(), date(now())); 
INSERT INTO address(postalCode, city, country, province, apartmentSuite, street) VALUES('M7B6C9', 'Toronto', 'Canada', 'Ontario', -1, '9077 Listing Rd'); 
INSERT INTO location(latitude, longitude) VALUES(3.5, 9); 
INSERT INTO listingHasAddress(lid, postalCode, city, country, province, apartmentSuite, street) VALUES(last_insert_id(), 'M7B6C9', 'Toronto', 'Canada', 'Ontario', -1, '9077 Listing Rd'); 
INSERT INTO listingAtLocation(lid, latitude, longitude) VALUES(last_insert_id(), 3.5, 9); 
INSERT INTO amenity(amenityDescription) VALUES('Lake Ontario'); 
INSERT INTO amenity(amenityDescription) VALUES('Wonderland'); 
INSERT INTO amenity(amenityDescription) VALUES('UofT'); 
INSERT INTO listingOfferAmenity(lid, amenityDescription) VALUES(last_insert_id(), 'Lake Ontario'); 
INSERT INTO listingOfferAmenity(lid, amenityDescription) VALUES(last_insert_id(), 'Wonderland'); 
INSERT INTO listingOfferAmenity(lid, amenityDescription) VALUES(last_insert_id(), 'UofT'); 
INSERT INTO listingOffering(offeringDate, lid, price, isAvailable) VALUES('1989-06-04', last_insert_id(), 100, true); 
INSERT INTO listingOffering(offeringDate, lid, price, isAvailable) VALUES('2007-06-04', last_insert_id(), 120, true); 
INSERT INTO listingOffering(offeringDate, lid, price, isAvailable) VALUES('2009-06-04', last_insert_id(), 150, true); 
INSERT INTO listingOffering(offeringDate, lid, price, isAvailable) VALUES('2021-06-04', last_insert_id(), 170, true); 
INSERT INTO listingOffering(offeringDate, lid, price, isAvailable) VALUES('2021-06-05', last_insert_id(), 180, true); 
INSERT INTO listingOffering(offeringDate, lid, price, isAvailable) VALUES('2021-06-06', last_insert_id(), 200, true); 
INSERT INTO listingOffering(offeringDate, lid, price, isAvailable) VALUES('2021-06-07', last_insert_id(), 221, true);
-- Toronto 2
INSERT INTO listing(ltype) VALUES('house'); 
INSERT INTO hostPostListing(SIN, lid, postDate) VALUES('198637281', last_insert_id(), date(now())); 
INSERT INTO address(postalCode, city, country, province, apartmentSuite, street) VALUES('N8Z7V6', 'Toronto', 'Canada', 'Ontario', -1, '2023 Listing Rd'); 
INSERT INTO location(latitude, longitude) VALUES(8, 9); 
INSERT INTO listingHasAddress(lid, postalCode, city, country, province, apartmentSuite, street) VALUES(last_insert_id(), 'N8Z7V6', 'Toronto', 'Canada', 'Ontario', -1, '2023 Listing Rd'); 
INSERT INTO listingAtLocation(lid, latitude, longitude) VALUES(last_insert_id(), 8, 9); 
INSERT INTO amenity(amenityDescription) VALUES('Library'); 
INSERT INTO listingOfferAmenity(lid, amenityDescription) VALUES(last_insert_id(), 'Lake Ontario'); 
INSERT INTO listingOfferAmenity(lid, amenityDescription) VALUES(last_insert_id(), 'Library'); 
INSERT INTO listingOfferAmenity(lid, amenityDescription) VALUES(last_insert_id(), 'UofT'); 
INSERT INTO listingOffering(offeringDate, lid, price, isAvailable) VALUES('1989-06-04', last_insert_id(), 100, true); 
INSERT INTO listingOffering(offeringDate, lid, price, isAvailable) VALUES('2007-06-04', last_insert_id(), 120, true); 
INSERT INTO listingOffering(offeringDate, lid, price, isAvailable) VALUES('2009-06-04', last_insert_id(), 230, true); 
INSERT INTO listingOffering(offeringDate, lid, price, isAvailable) VALUES('2022-06-04', last_insert_id(), 170, true); 
INSERT INTO listingOffering(offeringDate, lid, price, isAvailable) VALUES('2023-06-04', last_insert_id(), 600, true); 
INSERT INTO listingOffering(offeringDate, lid, price, isAvailable) VALUES('2023-06-05', last_insert_id(), 600, true); 
INSERT INTO listingOffering(offeringDate, lid, price, isAvailable) VALUES('2023-06-06', last_insert_id(), 600, true); 
INSERT INTO listingOffering(offeringDate, lid, price, isAvailable) VALUES('2023-06-07', last_insert_id(), 500, true);
-- Toronto 3
INSERT INTO listing(ltype) VALUES('apartment'); 
INSERT INTO hostPostListing(SIN, lid, postDate) VALUES('198637281', last_insert_id(), date(now())); 
INSERT INTO address(postalCode, city, country, province, apartmentSuite, street) VALUES('B7Z6C8', 'Richmond Hill', 'Canada', 'Ontario', -1, '18 Kingston Rd'); 
INSERT INTO location(latitude, longitude) VALUES(1, 1); 
INSERT INTO listingHasAddress(lid, postalCode, city, country, province, apartmentSuite, street) VALUES(last_insert_id(), 'B7Z6C8', 'Richmond Hill', 'Canada', 'Ontario', -1, '18 Kingston Rd'); 
INSERT INTO listingAtLocation(lid, latitude, longitude) VALUES(last_insert_id(), 1, 1); 
INSERT INTO amenity(amenityDescription) VALUES('Supermarket'); 
INSERT INTO amenity(amenityDescription) VALUES('Chess club'); 
INSERT INTO listingOfferAmenity(lid, amenityDescription) VALUES(last_insert_id(), 'supermarket'); 
INSERT INTO listingOfferAmenity(lid, amenityDescription) VALUES(last_insert_id(), 'Library'); 
INSERT INTO listingOfferAmenity(lid, amenityDescription) VALUES(last_insert_id(), 'chess club'); 
INSERT INTO listingOffering(offeringDate, lid, price, isAvailable) VALUES('1989-06-04', last_insert_id(), 100, true); 
INSERT INTO listingOffering(offeringDate, lid, price, isAvailable) VALUES('2007-06-04', last_insert_id(), 120, true); 
INSERT INTO listingOffering(offeringDate, lid, price, isAvailable) VALUES('2009-06-04', last_insert_id(), 150, true); 
INSERT INTO listingOffering(offeringDate, lid, price, isAvailable) VALUES('2022-06-04', last_insert_id(), 400, true); 
INSERT INTO listingOffering(offeringDate, lid, price, isAvailable) VALUES('2023-09-10', last_insert_id(), 400, true); 
INSERT INTO listingOffering(offeringDate, lid, price, isAvailable) VALUES('2023-09-11', last_insert_id(), 400, true); 
INSERT INTO listingOffering(offeringDate, lid, price, isAvailable) VALUES('2023-06-07', last_insert_id(), 450, true);
-- Toronto 4
INSERT INTO listing(ltype) VALUES('apartment'); 
INSERT INTO hostPostListing(SIN, lid, postDate) VALUES('198637281', last_insert_id(), date(now())); 
INSERT INTO address(postalCode, city, country, province, apartmentSuite, street) VALUES('B7Z6C9', 'Richmond Hill', 'Canada', 'Ontario', -1, '18 Kingston Rd'); 
INSERT INTO location(latitude, longitude) VALUES(1.5, 1); 
INSERT INTO listingHasAddress(lid, postalCode, city, country, province, apartmentSuite, street) VALUES(last_insert_id(), 'B7Z6C9', 'Richmond Hill', 'Canada', 'Ontario', -1, '18 Kingston Rd'); 
INSERT INTO listingAtLocation(lid, latitude, longitude) VALUES(last_insert_id(), 1.5, 1); 
INSERT INTO listingOfferAmenity(lid, amenityDescription) VALUES(last_insert_id(), 'supermarket'); 
INSERT INTO listingOfferAmenity(lid, amenityDescription) VALUES(last_insert_id(), 'chess club'); 
INSERT INTO listingOffering(offeringDate, lid, price, isAvailable) VALUES('1989-06-04', last_insert_id(), 100, true); 
INSERT INTO listingOffering(offeringDate, lid, price, isAvailable) VALUES('2007-06-04', last_insert_id(), 120, true); 
INSERT INTO listingOffering(offeringDate, lid, price, isAvailable) VALUES('2009-06-04', last_insert_id(), 150, true); 
INSERT INTO listingOffering(offeringDate, lid, price, isAvailable) VALUES('2022-06-04', last_insert_id(), 400, true); 
INSERT INTO listingOffering(offeringDate, lid, price, isAvailable) VALUES('2023-09-10', last_insert_id(), 400, true); 
INSERT INTO listingOffering(offeringDate, lid, price, isAvailable) VALUES('2023-09-11', last_insert_id(), 400, true); 
INSERT INTO listingOffering(offeringDate, lid, price, isAvailable) VALUES('2023-06-07', last_insert_id(), 450, true);
-- Toronto 5
INSERT INTO listing(ltype) VALUES('house'); 
INSERT INTO hostPostListing(SIN, lid, postDate) VALUES('198637281', last_insert_id(), date(now())); 
INSERT INTO address(postalCode, city, country, province, apartmentSuite, street) VALUES('M8C7Z6', 'Richmond Hill', 'Canada', 'Ontario', -1, '18 Kingston Rd'); 
INSERT INTO location(latitude, longitude) VALUES(1.5, 1.5); 
INSERT INTO listingHasAddress(lid, postalCode, city, country, province, apartmentSuite, street) VALUES(last_insert_id(), 'M8C7Z6', 'Richmond Hill', 'Canada', 'Ontario', -1, '18 Kingston Rd'); 
INSERT INTO listingAtLocation(lid, latitude, longitude) VALUES(last_insert_id(), 1.5, 1.5); 
INSERT INTO listingOfferAmenity(lid, amenityDescription) VALUES(last_insert_id(), 'supermarket'); 
INSERT INTO listingOffering(offeringDate, lid, price, isAvailable) VALUES('1989-06-04', last_insert_id(), 100, true); 
INSERT INTO listingOffering(offeringDate, lid, price, isAvailable) VALUES('2007-06-04', last_insert_id(), 120, true); 
INSERT INTO listingOffering(offeringDate, lid, price, isAvailable) VALUES('2009-06-04', last_insert_id(), 150, true); 
INSERT INTO listingOffering(offeringDate, lid, price, isAvailable) VALUES('2021-06-04', last_insert_id(), 300, true); 
INSERT INTO listingOffering(offeringDate, lid, price, isAvailable) VALUES('2021-06-05', last_insert_id(), 350, true); 
INSERT INTO listingOffering(offeringDate, lid, price, isAvailable) VALUES('2021-06-06', last_insert_id(), 600, true); 
INSERT INTO listingOffering(offeringDate, lid, price, isAvailable) VALUES('2021-06-08', last_insert_id(), 350, true); 
INSERT INTO listingOffering(offeringDate, lid, price, isAvailable) VALUES('2022-06-04', last_insert_id(), 400, true); 
INSERT INTO listingOffering(offeringDate, lid, price, isAvailable) VALUES('2022-06-05', last_insert_id(), 400, true); 
INSERT INTO listingOffering(offeringDate, lid, price, isAvailable) VALUES('2022-06-06', last_insert_id(), 400, true); 
INSERT INTO listingOffering(offeringDate, lid, price, isAvailable) VALUES('2022-06-07', last_insert_id(), 400, true); 
INSERT INTO listingOffering(offeringDate, lid, price, isAvailable) VALUES('2023-06-04', last_insert_id(), 400, true); 
INSERT INTO listingOffering(offeringDate, lid, price, isAvailable) VALUES('2023-06-05', last_insert_id(), 400, true); 
INSERT INTO listingOffering(offeringDate, lid, price, isAvailable) VALUES('2023-09-10', last_insert_id(), 400, true); 
INSERT INTO listingOffering(offeringDate, lid, price, isAvailable) VALUES('2023-09-11', last_insert_id(), 400, true); 
INSERT INTO listingOffering(offeringDate, lid, price, isAvailable) VALUES('2023-06-07', last_insert_id(), 450, true);
-- Toronto 6
INSERT INTO listing(ltype) VALUES('house'); 
INSERT INTO hostPostListing(SIN, lid, postDate) VALUES('198637281', last_insert_id(), date(now())); 
INSERT INTO address(postalCode, city, country, province, apartmentSuite, street) VALUES('M8C7L2', 'Richmond Hill', 'Canada', 'Ontario', -1, '18 Kingston Rd'); 
INSERT INTO location(latitude, longitude) VALUES(3, 3); 
INSERT INTO listingHasAddress(lid, postalCode, city, country, province, apartmentSuite, street) VALUES(last_insert_id(), 'M8C7L2', 'Richmond Hill', 'Canada', 'Ontario', -1, '18 Kingston Rd'); 
INSERT INTO listingAtLocation(lid, latitude, longitude) VALUES(last_insert_id(), 3, 3); 
INSERT INTO listingOfferAmenity(lid, amenityDescription) VALUES(last_insert_id(), 'supermarket'); 
INSERT INTO listingOffering(offeringDate, lid, price, isAvailable) VALUES('1989-06-04', last_insert_id(), 100, true); 
INSERT INTO listingOffering(offeringDate, lid, price, isAvailable) VALUES('2007-06-04', last_insert_id(), 120, true); 
INSERT INTO listingOffering(offeringDate, lid, price, isAvailable) VALUES('2009-06-04', last_insert_id(), 150, true); 
INSERT INTO listingOffering(offeringDate, lid, price, isAvailable) VALUES('2022-06-04', last_insert_id(), 400, true); 
INSERT INTO listingOffering(offeringDate, lid, price, isAvailable) VALUES('2023-06-04', last_insert_id(), 100, true); 
INSERT INTO listingOffering(offeringDate, lid, price, isAvailable) VALUES('2023-09-11', last_insert_id(), 100, true); 
INSERT INTO listingOffering(offeringDate, lid, price, isAvailable) VALUES('2023-06-07', last_insert_id(), 150, true);
-- Toronto 7
INSERT INTO listing(ltype) VALUES('house'); 
INSERT INTO hostPostListing(SIN, lid, postDate) VALUES('307896555', last_insert_id(), date(now())); 
INSERT INTO address(postalCode, city, country, province, apartmentSuite, street) VALUES('M8C7L2', 'Richmond Hill', 'Canada', 'Ontario', -1, '24 Kingston Rd'); 
INSERT INTO location(latitude, longitude) VALUES(3, 7.5); 
INSERT INTO listingHasAddress(lid, postalCode, city, country, province, apartmentSuite, street) VALUES(last_insert_id(), 'M8C7L2', 'Richmond Hill', 'Canada', 'Ontario', -1, '24 Kingston Rd'); 
INSERT INTO listingAtLocation(lid, latitude, longitude) VALUES(last_insert_id(), 3, 7.5); 
INSERT INTO listingOfferAmenity(lid, amenityDescription) VALUES(last_insert_id(), 'supermarket'); 
INSERT INTO listingOffering(offeringDate, lid, price, isAvailable) VALUES('1989-06-04', last_insert_id(), 100, true); 
INSERT INTO listingOffering(offeringDate, lid, price, isAvailable) VALUES('2007-06-04', last_insert_id(), 120, true); 
INSERT INTO listingOffering(offeringDate, lid, price, isAvailable) VALUES('2009-06-04', last_insert_id(), 150, true); 
INSERT INTO listingOffering(offeringDate, lid, price, isAvailable) VALUES('2022-06-04', last_insert_id(), 400, true); 
INSERT INTO listingOffering(offeringDate, lid, price, isAvailable) VALUES('2023-06-08', last_insert_id(), 240, true); 
INSERT INTO listingOffering(offeringDate, lid, price, isAvailable) VALUES('2023-06-05', last_insert_id(), 240, true); 
INSERT INTO listingOffering(offeringDate, lid, price, isAvailable) VALUES('2023-09-11', last_insert_id(), 100, true); 
INSERT INTO listingOffering(offeringDate, lid, price, isAvailable) VALUES('2023-06-07', last_insert_id(), 150, true);
-- Toronto 8
INSERT INTO listing(ltype) VALUES('house'); 
INSERT INTO hostPostListing(SIN, lid, postDate) VALUES('307896555', last_insert_id(), date(now())); 
INSERT INTO address(postalCode, city, country, province, apartmentSuite, street) VALUES('M8C7L3', 'Toronto', 'Canada', 'Ontario', -1, '24 Kingston Rd'); 
INSERT INTO location(latitude, longitude) VALUES(11.34, 7.5); 
INSERT INTO listingHasAddress(lid, postalCode, city, country, province, apartmentSuite, street) VALUES(last_insert_id(), 'M8C7L3', 'Toronto', 'Canada', 'Ontario', -1, '24 Kingston Rd'); 
INSERT INTO listingAtLocation(lid, latitude, longitude) VALUES(last_insert_id(), 11.34, 7.5); 
INSERT INTO listingOfferAmenity(lid, amenityDescription) VALUES(last_insert_id(), 'supermarket'); 
INSERT INTO listingOffering(offeringDate, lid, price, isAvailable) VALUES('1989-06-04', last_insert_id(), 100, true); 
INSERT INTO listingOffering(offeringDate, lid, price, isAvailable) VALUES('2007-06-04', last_insert_id(), 120, true); 
INSERT INTO listingOffering(offeringDate, lid, price, isAvailable) VALUES('2009-06-04', last_insert_id(), 150, true); 
INSERT INTO listingOffering(offeringDate, lid, price, isAvailable) VALUES('2022-06-04', last_insert_id(), 400, true); 
INSERT INTO listingOffering(offeringDate, lid, price, isAvailable) VALUES('2023-06-04', last_insert_id(), 240, true); 
INSERT INTO listingOffering(offeringDate, lid, price, isAvailable) VALUES('2023-06-05', last_insert_id(), 240, true); 
INSERT INTO listingOffering(offeringDate, lid, price, isAvailable) VALUES('2023-06-06', last_insert_id(), 240, true); 
INSERT INTO listingOffering(offeringDate, lid, price, isAvailable) VALUES('2023-06-07', last_insert_id(), 240, true); 
INSERT INTO listingOffering(offeringDate, lid, price, isAvailable) VALUES('2023-06-08', last_insert_id(), 240, true); 
INSERT INTO listingOffering(offeringDate, lid, price, isAvailable) VALUES('2023-09-11', last_insert_id(), 100, true); 
-- Toronto 9
INSERT INTO listing(ltype) VALUES('house'); 
INSERT INTO hostPostListing(SIN, lid, postDate) VALUES('307896555', last_insert_id(), date(now())); 
INSERT INTO address(postalCode, city, country, province, apartmentSuite, street) VALUES('M8C7L5', 'Toronto', 'Canada', 'Ontario', -1, '24 Kingston Rd'); 
INSERT INTO location(latitude, longitude) VALUES(11.5, 7.5); 
INSERT INTO listingHasAddress(lid, postalCode, city, country, province, apartmentSuite, street) VALUES(last_insert_id(), 'M8C7L5', 'Toronto', 'Canada', 'Ontario', -1, '24 Kingston Rd'); 
INSERT INTO listingAtLocation(lid, latitude, longitude) VALUES(last_insert_id(), 11.5, 7.5); 
INSERT INTO listingOfferAmenity(lid, amenityDescription) VALUES(last_insert_id(), 'supermarket'); 
INSERT INTO listingOffering(offeringDate, lid, price, isAvailable) VALUES('1989-06-04', last_insert_id(), 100, true); 
INSERT INTO listingOffering(offeringDate, lid, price, isAvailable) VALUES('2007-06-04', last_insert_id(), 120, true); 
INSERT INTO listingOffering(offeringDate, lid, price, isAvailable) VALUES('2009-06-04', last_insert_id(), 150, true); 
INSERT INTO listingOffering(offeringDate, lid, price, isAvailable) VALUES('2022-06-04', last_insert_id(), 400, true); 
INSERT INTO listingOffering(offeringDate, lid, price, isAvailable) VALUES('2023-06-08', last_insert_id(), 240, true); 
INSERT INTO listingOffering(offeringDate, lid, price, isAvailable) VALUES('2023-06-04', last_insert_id(), 240, true); 
INSERT INTO listingOffering(offeringDate, lid, price, isAvailable) VALUES('2023-06-05', last_insert_id(), 240, true); 
INSERT INTO listingOffering(offeringDate, lid, price, isAvailable) VALUES('2023-06-06', last_insert_id(), 240, true); 
INSERT INTO listingOffering(offeringDate, lid, price, isAvailable) VALUES('2023-06-07', last_insert_id(), 240, true); 
INSERT INTO listingOffering(offeringDate, lid, price, isAvailable) VALUES('2023-09-11', last_insert_id(), 100, true); 
-- Toronto 10
INSERT INTO listing(ltype) VALUES('house'); 
INSERT INTO hostPostListing(SIN, lid, postDate) VALUES('307896555', last_insert_id(), date(now())); 
INSERT INTO address(postalCode, city, country, province, apartmentSuite, street) VALUES('M8C7L7', 'Toronto', 'Canada', 'Ontario', -1, '24 Kingston Rd'); 
INSERT INTO location(latitude, longitude) VALUES(11.6, 7.5); 
INSERT INTO listingHasAddress(lid, postalCode, city, country, province, apartmentSuite, street) VALUES(last_insert_id(), 'M8C7L7', 'Toronto', 'Canada', 'Ontario', -1, '24 Kingston Rd'); 
INSERT INTO listingAtLocation(lid, latitude, longitude) VALUES(last_insert_id(), 11.6, 7.5); 
INSERT INTO listingOfferAmenity(lid, amenityDescription) VALUES(last_insert_id(), 'supermarket'); 
INSERT INTO listingOffering(offeringDate, lid, price, isAvailable) VALUES('1989-06-04', last_insert_id(), 100, true); 
INSERT INTO listingOffering(offeringDate, lid, price, isAvailable) VALUES('2007-06-04', last_insert_id(), 120, true); 
INSERT INTO listingOffering(offeringDate, lid, price, isAvailable) VALUES('2009-06-04', last_insert_id(), 150, true); 
INSERT INTO listingOffering(offeringDate, lid, price, isAvailable) VALUES('2022-06-04', last_insert_id(), 400, true); 
INSERT INTO listingOffering(offeringDate, lid, price, isAvailable) VALUES('2023-06-08', last_insert_id(), 240, true); 
INSERT INTO listingOffering(offeringDate, lid, price, isAvailable) VALUES('2023-06-04', last_insert_id(), 240, true); 
INSERT INTO listingOffering(offeringDate, lid, price, isAvailable) VALUES('2023-06-05', last_insert_id(), 240, true); 
INSERT INTO listingOffering(offeringDate, lid, price, isAvailable) VALUES('2023-06-06', last_insert_id(), 240, true); 
INSERT INTO listingOffering(offeringDate, lid, price, isAvailable) VALUES('2023-06-07', last_insert_id(), 240, true); 
INSERT INTO listingOffering(offeringDate, lid, price, isAvailable) VALUES('2023-09-11', last_insert_id(), 100, true); 
-- Toronto 11
INSERT INTO listing(ltype) VALUES('house'); 
INSERT INTO hostPostListing(SIN, lid, postDate) VALUES('898010883', last_insert_id(), date(now())); 
INSERT INTO address(postalCode, city, country, province, apartmentSuite, street) VALUES('M8C7L8', 'Toronto', 'Canada', 'Ontario', -1, '24 Kingston Rd'); 
INSERT INTO location(latitude, longitude) VALUES(11.6, 7.6); 
INSERT INTO listingHasAddress(lid, postalCode, city, country, province, apartmentSuite, street) VALUES(last_insert_id(), 'M8C7L8', 'Toronto', 'Canada', 'Ontario', -1, '24 Kingston Rd'); 
INSERT INTO listingAtLocation(lid, latitude, longitude) VALUES(last_insert_id(), 11.6, 7.6); 
INSERT INTO listingOfferAmenity(lid, amenityDescription) VALUES(last_insert_id(), 'supermarket'); 
INSERT INTO listingOffering(offeringDate, lid, price, isAvailable) VALUES('1989-06-04', last_insert_id(), 100, true); 
INSERT INTO listingOffering(offeringDate, lid, price, isAvailable) VALUES('2007-06-04', last_insert_id(), 120, true); 
INSERT INTO listingOffering(offeringDate, lid, price, isAvailable) VALUES('2009-06-04', last_insert_id(), 150, true); 
INSERT INTO listingOffering(offeringDate, lid, price, isAvailable) VALUES('2022-06-04', last_insert_id(), 400, true); 
INSERT INTO listingOffering(offeringDate, lid, price, isAvailable) VALUES('2023-06-08', last_insert_id(), 240, true); 
INSERT INTO listingOffering(offeringDate, lid, price, isAvailable) VALUES('2023-06-02', last_insert_id(), 240, true); 
INSERT INTO listingOffering(offeringDate, lid, price, isAvailable) VALUES('2023-06-03', last_insert_id(), 240, true); 
INSERT INTO listingOffering(offeringDate, lid, price, isAvailable) VALUES('2023-06-05', last_insert_id(), 240, true); 
INSERT INTO listingOffering(offeringDate, lid, price, isAvailable) VALUES('2023-06-06', last_insert_id(), 240, true); 
INSERT INTO listingOffering(offeringDate, lid, price, isAvailable) VALUES('2023-06-07', last_insert_id(), 240, true); 
INSERT INTO listingOffering(offeringDate, lid, price, isAvailable) VALUES('2023-09-11', last_insert_id(), 100, true); 
-- Toronto 12
INSERT INTO listing(ltype) VALUES('house'); 
INSERT INTO hostPostListing(SIN, lid, postDate) VALUES('786300891', last_insert_id(), date(now())); 
INSERT INTO address(postalCode, city, country, province, apartmentSuite, street) VALUES('M8C7M4', 'Toronto', 'Canada', 'Ontario', -1, '24 Kingston Rd'); 
INSERT INTO location(latitude, longitude) VALUES(13.78, 7.6); 
INSERT INTO listingHasAddress(lid, postalCode, city, country, province, apartmentSuite, street) VALUES(last_insert_id(), 'M8C7M4', 'Toronto', 'Canada', 'Ontario', -1, '24 Kingston Rd'); 
INSERT INTO listingAtLocation(lid, latitude, longitude) VALUES(last_insert_id(), 13.78, 7.6); 
INSERT INTO listingOfferAmenity(lid, amenityDescription) VALUES(last_insert_id(), 'supermarket'); 
INSERT INTO listingOffering(offeringDate, lid, price, isAvailable) VALUES('1989-06-04', last_insert_id(), 100, true); 
INSERT INTO listingOffering(offeringDate, lid, price, isAvailable) VALUES('2007-06-04', last_insert_id(), 120, true); 
INSERT INTO listingOffering(offeringDate, lid, price, isAvailable) VALUES('2009-06-04', last_insert_id(), 150, true); 
INSERT INTO listingOffering(offeringDate, lid, price, isAvailable) VALUES('2022-06-04', last_insert_id(), 400, true); 
INSERT INTO listingOffering(offeringDate, lid, price, isAvailable) VALUES('2023-06-08', last_insert_id(), 240, true); 
INSERT INTO listingOffering(offeringDate, lid, price, isAvailable) VALUES('2023-06-02', last_insert_id(), 240, true); 
INSERT INTO listingOffering(offeringDate, lid, price, isAvailable) VALUES('2023-06-03', last_insert_id(), 240, true); 
INSERT INTO listingOffering(offeringDate, lid, price, isAvailable) VALUES('2023-06-05', last_insert_id(), 240, true); 
INSERT INTO listingOffering(offeringDate, lid, price, isAvailable) VALUES('2023-06-06', last_insert_id(), 240, true); 
INSERT INTO listingOffering(offeringDate, lid, price, isAvailable) VALUES('2023-06-07', last_insert_id(), 240, true); 
INSERT INTO listingOffering(offeringDate, lid, price, isAvailable) VALUES('2023-09-11', last_insert_id(), 100, true); 
-- Toronto 13
INSERT INTO listing(ltype) VALUES('house'); 
INSERT INTO hostPostListing(SIN, lid, postDate) VALUES('786300891', last_insert_id(), date(now())); 
INSERT INTO address(postalCode, city, country, province, apartmentSuite, street) VALUES('M8C7M5', 'Toronto', 'Canada', 'Ontario', -1, '24 Kingston Rd'); 
INSERT INTO location(latitude, longitude) VALUES(13.78, 11.26); 
INSERT INTO listingHasAddress(lid, postalCode, city, country, province, apartmentSuite, street) VALUES(last_insert_id(), 'M8C7M5', 'Toronto', 'Canada', 'Ontario', -1, '24 Kingston Rd'); 
INSERT INTO listingAtLocation(lid, latitude, longitude) VALUES(last_insert_id(), 13.78, 11.26); 
INSERT INTO listingOfferAmenity(lid, amenityDescription) VALUES(last_insert_id(), 'supermarket'); 
INSERT INTO listingOffering(offeringDate, lid, price, isAvailable) VALUES('1989-06-04', last_insert_id(), 100, true); 
INSERT INTO listingOffering(offeringDate, lid, price, isAvailable) VALUES('2007-06-04', last_insert_id(), 120, true); 
INSERT INTO listingOffering(offeringDate, lid, price, isAvailable) VALUES('2009-06-04', last_insert_id(), 150, true); 
INSERT INTO listingOffering(offeringDate, lid, price, isAvailable) VALUES('2022-06-04', last_insert_id(), 400, true); 
INSERT INTO listingOffering(offeringDate, lid, price, isAvailable) VALUES('2023-06-08', last_insert_id(), 240, true); 
INSERT INTO listingOffering(offeringDate, lid, price, isAvailable) VALUES('2023-06-02', last_insert_id(), 240, true); 
INSERT INTO listingOffering(offeringDate, lid, price, isAvailable) VALUES('2023-06-03', last_insert_id(), 240, true); 
INSERT INTO listingOffering(offeringDate, lid, price, isAvailable) VALUES('2023-06-05', last_insert_id(), 240, true); 
INSERT INTO listingOffering(offeringDate, lid, price, isAvailable) VALUES('2023-06-06', last_insert_id(), 240, true); 
INSERT INTO listingOffering(offeringDate, lid, price, isAvailable) VALUES('2023-06-07', last_insert_id(), 240, true); 
INSERT INTO listingOffering(offeringDate, lid, price, isAvailable) VALUES('2023-09-11', last_insert_id(), 100, true); 
-- Toronto 14
INSERT INTO listing(ltype) VALUES('house'); 
INSERT INTO hostPostListing(SIN, lid, postDate) VALUES('786300891', last_insert_id(), date(now())); 
INSERT INTO address(postalCode, city, country, province, apartmentSuite, street) VALUES('M8C7M7', 'Toronto', 'Canada', 'Ontario', -1, '24 Kingston Rd'); 
INSERT INTO location(latitude, longitude) VALUES(13.78, 11.27); 
INSERT INTO listingHasAddress(lid, postalCode, city, country, province, apartmentSuite, street) VALUES(last_insert_id(), 'M8C7M7', 'Toronto', 'Canada', 'Ontario', -1, '24 Kingston Rd'); 
INSERT INTO listingAtLocation(lid, latitude, longitude) VALUES(last_insert_id(), 13.78, 11.27); 
INSERT INTO listingOfferAmenity(lid, amenityDescription) VALUES(last_insert_id(), 'supermarket'); 
INSERT INTO listingOffering(offeringDate, lid, price, isAvailable) VALUES('1989-06-04', last_insert_id(), 100, true); 
INSERT INTO listingOffering(offeringDate, lid, price, isAvailable) VALUES('2007-06-04', last_insert_id(), 120, true); 
INSERT INTO listingOffering(offeringDate, lid, price, isAvailable) VALUES('2009-06-04', last_insert_id(), 150, true); 
INSERT INTO listingOffering(offeringDate, lid, price, isAvailable) VALUES('2022-06-04', last_insert_id(), 400, true); 
INSERT INTO listingOffering(offeringDate, lid, price, isAvailable) VALUES('2023-06-08', last_insert_id(), 240, true); 
INSERT INTO listingOffering(offeringDate, lid, price, isAvailable) VALUES('2023-06-02', last_insert_id(), 240, true); 
INSERT INTO listingOffering(offeringDate, lid, price, isAvailable) VALUES('2023-06-03', last_insert_id(), 240, true); 
INSERT INTO listingOffering(offeringDate, lid, price, isAvailable) VALUES('2023-06-05', last_insert_id(), 240, true); 
INSERT INTO listingOffering(offeringDate, lid, price, isAvailable) VALUES('2023-06-06', last_insert_id(), 240, true); 
INSERT INTO listingOffering(offeringDate, lid, price, isAvailable) VALUES('2023-06-07', last_insert_id(), 240, true); 
INSERT INTO listingOffering(offeringDate, lid, price, isAvailable) VALUES('2023-09-11', last_insert_id(), 100, true); 
-- Toronto 15
INSERT INTO listing(ltype) VALUES('house'); 
INSERT INTO hostPostListing(SIN, lid, postDate) VALUES('786300891', last_insert_id(), date(now())); 
INSERT INTO address(postalCode, city, country, province, apartmentSuite, street) VALUES('M8C7M8', 'Toronto', 'Canada', 'Ontario', -1, '24 Kingston Rd'); 
INSERT INTO location(latitude, longitude) VALUES(13.81, 11.27); 
INSERT INTO listingHasAddress(lid, postalCode, city, country, province, apartmentSuite, street) VALUES(last_insert_id(), 'M8C7M8', 'Toronto', 'Canada', 'Ontario', -1, '24 Kingston Rd'); 
INSERT INTO listingAtLocation(lid, latitude, longitude) VALUES(last_insert_id(), 13.81, 11.27); 
INSERT INTO listingOfferAmenity(lid, amenityDescription) VALUES(last_insert_id(), 'supermarket'); 
INSERT INTO listingOffering(offeringDate, lid, price, isAvailable) VALUES('1989-06-04', last_insert_id(), 100, true); 
INSERT INTO listingOffering(offeringDate, lid, price, isAvailable) VALUES('2007-06-04', last_insert_id(), 120, true); 
INSERT INTO listingOffering(offeringDate, lid, price, isAvailable) VALUES('2009-06-04', last_insert_id(), 150, true); 
INSERT INTO listingOffering(offeringDate, lid, price, isAvailable) VALUES('2022-06-04', last_insert_id(), 400, true); 
INSERT INTO listingOffering(offeringDate, lid, price, isAvailable) VALUES('2023-06-08', last_insert_id(), 240, true); 
INSERT INTO listingOffering(offeringDate, lid, price, isAvailable) VALUES('2023-06-02', last_insert_id(), 240, true); 
INSERT INTO listingOffering(offeringDate, lid, price, isAvailable) VALUES('2023-06-03', last_insert_id(), 240, true); 
INSERT INTO listingOffering(offeringDate, lid, price, isAvailable) VALUES('2023-06-05', last_insert_id(), 240, true); 
INSERT INTO listingOffering(offeringDate, lid, price, isAvailable) VALUES('2023-06-06', last_insert_id(), 240, true); 
INSERT INTO listingOffering(offeringDate, lid, price, isAvailable) VALUES('2023-06-07', last_insert_id(), 240, true); 
INSERT INTO listingOffering(offeringDate, lid, price, isAvailable) VALUES('2023-09-11', last_insert_id(), 100, true); 
-- Toronto 16
INSERT INTO listing(ltype) VALUES('house'); 
INSERT INTO hostPostListing(SIN, lid, postDate) VALUES('786300891', last_insert_id(), date(now())); 
INSERT INTO address(postalCode, city, country, province, apartmentSuite, street) VALUES('M8C7M9', 'Toronto', 'Canada', 'Ontario', -1, '24 Kingston Rd'); 
INSERT INTO location(latitude, longitude) VALUES(13.81, 11.45); 
INSERT INTO listingHasAddress(lid, postalCode, city, country, province, apartmentSuite, street) VALUES(last_insert_id(), 'M8C7M9', 'Toronto', 'Canada', 'Ontario', -1, '24 Kingston Rd'); 
INSERT INTO listingAtLocation(lid, latitude, longitude) VALUES(last_insert_id(), 13.81, 11.45); 
INSERT INTO listingOfferAmenity(lid, amenityDescription) VALUES(last_insert_id(), 'supermarket'); 
INSERT INTO listingOffering(offeringDate, lid, price, isAvailable) VALUES('1989-06-04', last_insert_id(), 100, true); 
INSERT INTO listingOffering(offeringDate, lid, price, isAvailable) VALUES('2007-06-04', last_insert_id(), 120, true); 
INSERT INTO listingOffering(offeringDate, lid, price, isAvailable) VALUES('2009-06-04', last_insert_id(), 150, true); 
INSERT INTO listingOffering(offeringDate, lid, price, isAvailable) VALUES('2022-06-04', last_insert_id(), 400, true); 
INSERT INTO listingOffering(offeringDate, lid, price, isAvailable) VALUES('2023-06-08', last_insert_id(), 240, true); 
INSERT INTO listingOffering(offeringDate, lid, price, isAvailable) VALUES('2023-06-02', last_insert_id(), 240, true); 
INSERT INTO listingOffering(offeringDate, lid, price, isAvailable) VALUES('2023-06-03', last_insert_id(), 240, true); 
INSERT INTO listingOffering(offeringDate, lid, price, isAvailable) VALUES('2023-06-05', last_insert_id(), 240, true); 
INSERT INTO listingOffering(offeringDate, lid, price, isAvailable) VALUES('2023-06-06', last_insert_id(), 240, true); 
INSERT INTO listingOffering(offeringDate, lid, price, isAvailable) VALUES('2023-06-07', last_insert_id(), 240, true); 
INSERT INTO listingOffering(offeringDate, lid, price, isAvailable) VALUES('2023-09-11', last_insert_id(), 100, true); 
-- Toronto 17
INSERT INTO listing(ltype) VALUES('house'); 
INSERT INTO hostPostListing(SIN, lid, postDate) VALUES('786300891', last_insert_id(), date(now())); 
INSERT INTO address(postalCode, city, country, province, apartmentSuite, street) VALUES('M8C773', 'Toronto', 'Canada', 'Ontario', -1, '24 Kingston Rd'); 
INSERT INTO location(latitude, longitude) VALUES(13.81, 11.73); 
INSERT INTO listingHasAddress(lid, postalCode, city, country, province, apartmentSuite, street) VALUES(last_insert_id(), 'M8C773', 'Toronto', 'Canada', 'Ontario', -1, '24 Kingston Rd'); 
INSERT INTO listingAtLocation(lid, latitude, longitude) VALUES(last_insert_id(), 13.81, 11.73); 
INSERT INTO listingOfferAmenity(lid, amenityDescription) VALUES(last_insert_id(), 'supermarket'); 
INSERT INTO listingOffering(offeringDate, lid, price, isAvailable) VALUES('1989-06-04', last_insert_id(), 100, true); 
INSERT INTO listingOffering(offeringDate, lid, price, isAvailable) VALUES('2007-06-04', last_insert_id(), 120, true); 
INSERT INTO listingOffering(offeringDate, lid, price, isAvailable) VALUES('2009-06-04', last_insert_id(), 150, true); 
INSERT INTO listingOffering(offeringDate, lid, price, isAvailable) VALUES('2022-06-04', last_insert_id(), 400, true); 
INSERT INTO listingOffering(offeringDate, lid, price, isAvailable) VALUES('2023-06-08', last_insert_id(), 240, true); 
INSERT INTO listingOffering(offeringDate, lid, price, isAvailable) VALUES('2023-06-02', last_insert_id(), 240, true); 
INSERT INTO listingOffering(offeringDate, lid, price, isAvailable) VALUES('2023-06-03', last_insert_id(), 240, true); 
INSERT INTO listingOffering(offeringDate, lid, price, isAvailable) VALUES('2023-06-05', last_insert_id(), 240, true); 
INSERT INTO listingOffering(offeringDate, lid, price, isAvailable) VALUES('2023-06-06', last_insert_id(), 240, true); 
INSERT INTO listingOffering(offeringDate, lid, price, isAvailable) VALUES('2023-06-07', last_insert_id(), 240, true); 
INSERT INTO listingOffering(offeringDate, lid, price, isAvailable) VALUES('2023-09-11', last_insert_id(), 100, true); 
-- Toronto 18
INSERT INTO listing(ltype) VALUES('house'); 
INSERT INTO hostPostListing(SIN, lid, postDate) VALUES('198637281', last_insert_id(), date(now())); 
INSERT INTO address(postalCode, city, country, province, apartmentSuite, street) VALUES('M8C774', 'Toronto', 'Canada', 'Ontario', -1, '24 Kingston Rd'); 
INSERT INTO location(latitude, longitude) VALUES(13.84, 11.74); 
INSERT INTO listingHasAddress(lid, postalCode, city, country, province, apartmentSuite, street) VALUES(last_insert_id(), 'M8C774', 'Toronto', 'Canada', 'Ontario', -1, '24 Kingston Rd'); 
INSERT INTO listingAtLocation(lid, latitude, longitude) VALUES(last_insert_id(), 13.84, 11.74); 
INSERT INTO listingOfferAmenity(lid, amenityDescription) VALUES(last_insert_id(), 'supermarket'); 
INSERT INTO listingOffering(offeringDate, lid, price, isAvailable) VALUES('1989-06-04', last_insert_id(), 100, true); 
INSERT INTO listingOffering(offeringDate, lid, price, isAvailable) VALUES('2007-06-04', last_insert_id(), 120, true); 
INSERT INTO listingOffering(offeringDate, lid, price, isAvailable) VALUES('2009-06-04', last_insert_id(), 150, true); 
INSERT INTO listingOffering(offeringDate, lid, price, isAvailable) VALUES('2022-06-04', last_insert_id(), 400, true); 
INSERT INTO listingOffering(offeringDate, lid, price, isAvailable) VALUES('2023-06-08', last_insert_id(), 240, true); 
INSERT INTO listingOffering(offeringDate, lid, price, isAvailable) VALUES('2023-06-02', last_insert_id(), 240, true); 
INSERT INTO listingOffering(offeringDate, lid, price, isAvailable) VALUES('2023-06-03', last_insert_id(), 240, true); 
INSERT INTO listingOffering(offeringDate, lid, price, isAvailable) VALUES('2023-06-05', last_insert_id(), 240, true); 
INSERT INTO listingOffering(offeringDate, lid, price, isAvailable) VALUES('2023-06-06', last_insert_id(), 240, true); 
INSERT INTO listingOffering(offeringDate, lid, price, isAvailable) VALUES('2023-06-07', last_insert_id(), 240, true); 
INSERT INTO listingOffering(offeringDate, lid, price, isAvailable) VALUES('2023-09-11', last_insert_id(), 100, true); 
-- New York 1
INSERT INTO listing(ltype) VALUES('apartment'); 
INSERT INTO hostPostListing(SIN, lid, postDate) VALUES('307896555', last_insert_id(), date(now())); 
INSERT INTO address(postalCode, city, country, province, apartmentSuite, street) VALUES('N7N8B8', 'New York', 'USA', 'New York', 18, '18 Kingston Rd'); 
INSERT INTO location(latitude, longitude) VALUES(100, 100); 
INSERT INTO listingHasAddress(lid, postalCode, city, country, province, apartmentSuite, street) VALUES(last_insert_id(), 'N7N8B8', 'New York', 'USA', 'New York', 18, '18 Kingston Rd'); 
INSERT INTO listingAtLocation(lid, latitude, longitude) VALUES(last_insert_id(), 100, 100); 
INSERT INTO amenity(amenityDescription) VALUES('Football Court'); 
INSERT INTO amenity(amenityDescription) VALUES('Golf'); 
INSERT INTO amenity(amenityDescription) VALUES('American Psycho'); 
INSERT INTO listingOfferAmenity(lid, amenityDescription) VALUES(last_insert_id(), 'Football court'); 
INSERT INTO listingOfferAmenity(lid, amenityDescription) VALUES(last_insert_id(), 'American Psycho'); 
INSERT INTO listingOfferAmenity(lid, amenityDescription) VALUES(last_insert_id(), 'golf'); 
INSERT INTO listingOffering(offeringDate, lid, price, isAvailable) VALUES('2022-06-04', last_insert_id(), 400, true); 
INSERT INTO listingOffering(offeringDate, lid, price, isAvailable) VALUES('2023-09-10', last_insert_id(), 400, true); 
INSERT INTO listingOffering(offeringDate, lid, price, isAvailable) VALUES('2023-09-11', last_insert_id(), 400, true); 
INSERT INTO listingOffering(offeringDate, lid, price, isAvailable) VALUES('2023-06-06', last_insert_id(), 560, true);
INSERT INTO listingOffering(offeringDate, lid, price, isAvailable) VALUES('2023-06-07', last_insert_id(), 450, true);
INSERT INTO listingOffering(offeringDate, lid, price, isAvailable) VALUES('2023-06-08', last_insert_id(), 450, true);
INSERT INTO listingOffering(offeringDate, lid, price, isAvailable) VALUES('2023-06-09', last_insert_id(), 450, true);
-- New York 2
INSERT INTO listing(ltype) VALUES('townhouse'); 
INSERT INTO hostPostListing(SIN, lid, postDate) VALUES('879223766', last_insert_id(), date(now())); 
INSERT INTO address(postalCode, city, country, province, apartmentSuite, street) VALUES('L8V7N0', 'New York', 'USA', 'New York', 18, '123 New York St'); 
INSERT INTO location(latitude, longitude) VALUES(110, 110); 
INSERT INTO listingHasAddress(lid, postalCode, city, country, province, apartmentSuite, street) VALUES(last_insert_id(), 'L8V7N0', 'New York', 'USA', 'New York', 18, '123 New York St'); 
INSERT INTO listingAtLocation(lid, latitude, longitude) VALUES(last_insert_id(), 110, 110); 
INSERT INTO amenity(amenityDescription) VALUES('Swimming Pool'); 
INSERT INTO listingOfferAmenity(lid, amenityDescription) VALUES(last_insert_id(), 'Swimming Pool'); 
INSERT INTO listingOfferAmenity(lid, amenityDescription) VALUES(last_insert_id(), 'golf'); 
INSERT INTO listingOffering(offeringDate, lid, price, isAvailable) VALUES('2022-06-04', last_insert_id(), 400, true); 
INSERT INTO listingOffering(offeringDate, lid, price, isAvailable) VALUES('2023-09-10', last_insert_id(), 400, true); 
INSERT INTO listingOffering(offeringDate, lid, price, isAvailable) VALUES('2023-09-11', last_insert_id(), 400, true); 
INSERT INTO listingOffering(offeringDate, lid, price, isAvailable) VALUES('2023-06-04', last_insert_id(), 510, true);
INSERT INTO listingOffering(offeringDate, lid, price, isAvailable) VALUES('2023-06-06', last_insert_id(), 455, true);
INSERT INTO listingOffering(offeringDate, lid, price, isAvailable) VALUES('2023-06-07', last_insert_id(), 450, true);
INSERT INTO listingOffering(offeringDate, lid, price, isAvailable) VALUES('2023-06-08', last_insert_id(), 450, true);
INSERT INTO listingOffering(offeringDate, lid, price, isAvailable) VALUES('2023-06-09', last_insert_id(), 450, true);
-- New York 3
INSERT INTO listing(ltype) VALUES('townhouse'); 
INSERT INTO hostPostListing(SIN, lid, postDate) VALUES('879223766', last_insert_id(), date(now())); 
INSERT INTO address(postalCode, city, country, province, apartmentSuite, street) VALUES('L8V7N0', 'New York', 'USA', 'New York', 19, '123 New York St'); 
INSERT INTO location(latitude, longitude) VALUES(110.001, 110.001); 
INSERT INTO listingHasAddress(lid, postalCode, city, country, province, apartmentSuite, street) VALUES(last_insert_id(), 'L8V7N0', 'New York', 'USA', 'New York', 19, '123 New York St'); 
INSERT INTO listingAtLocation(lid, latitude, longitude) VALUES(last_insert_id(), 110.001, 110.001); 
INSERT INTO amenity(amenityDescription) VALUES('PS5 Console'); 
INSERT INTO listingOfferAmenity(lid, amenityDescription) VALUES(last_insert_id(), 'Swimming Pool'); 
INSERT INTO listingOfferAmenity(lid, amenityDescription) VALUES(last_insert_id(), 'golf'); 
INSERT INTO listingOfferAmenity(lid, amenityDescription) VALUES(last_insert_id(), 'PS5 Console'); 
INSERT INTO listingOffering(offeringDate, lid, price, isAvailable) VALUES('2022-06-04', last_insert_id(), 400, true); 
INSERT INTO listingOffering(offeringDate, lid, price, isAvailable) VALUES('2023-09-10', last_insert_id(), 400, true); 
INSERT INTO listingOffering(offeringDate, lid, price, isAvailable) VALUES('2023-09-11', last_insert_id(), 400, true); 
INSERT INTO listingOffering(offeringDate, lid, price, isAvailable) VALUES('2023-06-04', last_insert_id(), 510, true);
INSERT INTO listingOffering(offeringDate, lid, price, isAvailable) VALUES('2023-06-06', last_insert_id(), 660, true);
INSERT INTO listingOffering(offeringDate, lid, price, isAvailable) VALUES('2023-06-07', last_insert_id(), 450, true);
INSERT INTO listingOffering(offeringDate, lid, price, isAvailable) VALUES('2023-06-08', last_insert_id(), 450, true);
INSERT INTO listingOffering(offeringDate, lid, price, isAvailable) VALUES('2023-06-09', last_insert_id(), 450, true);
-- New York 4
INSERT INTO listing(ltype) VALUES('townhouse'); 
INSERT INTO hostPostListing(SIN, lid, postDate) VALUES('879223766', last_insert_id(), date(now())); 
INSERT INTO address(postalCode, city, country, province, apartmentSuite, street) VALUES('N7C6Z8', 'Los Angeles', 'USA', 'New York', 19, '123 Los Santos'); 
INSERT INTO location(latitude, longitude) VALUES(150, 150); 
INSERT INTO listingHasAddress(lid, postalCode, city, country, province, apartmentSuite, street) VALUES(last_insert_id(), 'N7C6Z8', 'Los Angeles', 'USA', 'New York', 19, '123 Los Santos'); 
INSERT INTO listingAtLocation(lid, latitude, longitude) VALUES(last_insert_id(), 150, 150); 
INSERT INTO amenity(amenityDescription) VALUES('Beach'); 
INSERT INTO listingOfferAmenity(lid, amenityDescription) VALUES(last_insert_id(), 'Beach'); 
INSERT INTO listingOffering(offeringDate, lid, price, isAvailable) VALUES('2022-06-04', last_insert_id(), 400, true); 
INSERT INTO listingOffering(offeringDate, lid, price, isAvailable) VALUES('2023-09-10', last_insert_id(), 400, true); 
INSERT INTO listingOffering(offeringDate, lid, price, isAvailable) VALUES('2023-09-11', last_insert_id(), 400, true); 
INSERT INTO listingOffering(offeringDate, lid, price, isAvailable) VALUES('2023-06-04', last_insert_id(), 510, true);
INSERT INTO listingOffering(offeringDate, lid, price, isAvailable) VALUES('2023-06-05', last_insert_id(), 450, true);
INSERT INTO listingOffering(offeringDate, lid, price, isAvailable) VALUES('2023-06-06', last_insert_id(), 700, true);
INSERT INTO listingOffering(offeringDate, lid, price, isAvailable) VALUES('2023-06-07', last_insert_id(), 450, true);
INSERT INTO listingOffering(offeringDate, lid, price, isAvailable) VALUES('2023-06-08', last_insert_id(), 450, true);
INSERT INTO listingOffering(offeringDate, lid, price, isAvailable) VALUES('2023-06-09', last_insert_id(), 450, true);
-- Beijing 1
INSERT INTO listing(ltype) VALUES('Condo'); 
INSERT INTO hostPostListing(SIN, lid, postDate) VALUES('898010883', last_insert_id(), date(now())); 
INSERT INTO address(postalCode, city, country, province, apartmentSuite, street) VALUES('G5T5Y6', 'Beijing', 'China', 'Beijing', 19, '123 Changan Rd'); 
INSERT INTO location(latitude, longitude) VALUES(200, 200); 
INSERT INTO listingHasAddress(lid, postalCode, city, country, province, apartmentSuite, street) VALUES(last_insert_id(), 'G5T5Y6', 'Beijing', 'China', 'Beijing', 19, '123 Changan Rd'); 
INSERT INTO listingAtLocation(lid, latitude, longitude) VALUES(last_insert_id(), 200, 200); 
INSERT INTO amenity(amenityDescription) VALUES('Tiananmen Square'); 
INSERT INTO amenity(amenityDescription) VALUES('Museum'); 
INSERT INTO listingOfferAmenity(lid, amenityDescription) VALUES(last_insert_id(), 'Tiananmen Square'); 
INSERT INTO listingOfferAmenity(lid, amenityDescription) VALUES(last_insert_id(), 'Museum'); 
INSERT INTO listingOffering(offeringDate, lid, price, isAvailable) VALUES('2022-06-04', last_insert_id(), 400, true); 
INSERT INTO listingOffering(offeringDate, lid, price, isAvailable) VALUES('2023-09-10', last_insert_id(), 400, true); 
INSERT INTO listingOffering(offeringDate, lid, price, isAvailable) VALUES('2023-09-11', last_insert_id(), 400, true); 
INSERT INTO listingOffering(offeringDate, lid, price, isAvailable) VALUES('2023-06-05', last_insert_id(), 450, true);
INSERT INTO listingOffering(offeringDate, lid, price, isAvailable) VALUES('2023-06-06', last_insert_id(), 700, true);
INSERT INTO listingOffering(offeringDate, lid, price, isAvailable) VALUES('2023-06-07', last_insert_id(), 450, true);
INSERT INTO listingOffering(offeringDate, lid, price, isAvailable) VALUES('2023-06-08', last_insert_id(), 450, true);
INSERT INTO listingOffering(offeringDate, lid, price, isAvailable) VALUES('2023-06-09', last_insert_id(), 450, true);
-- Beijing 2
INSERT INTO listing(ltype) VALUES('House'); 
INSERT INTO hostPostListing(SIN, lid, postDate) VALUES('898010883', last_insert_id(), date(now())); 
INSERT INTO address(postalCode, city, country, province, apartmentSuite, street) VALUES('G5T5X4', 'Beijing', 'China', 'Beijing', 20, '150 Changan Rd'); 
INSERT INTO location(latitude, longitude) VALUES(200, 212); 
INSERT INTO listingHasAddress(lid, postalCode, city, country, province, apartmentSuite, street) VALUES(last_insert_id(), 'G5T5X4', 'Beijing', 'China', 'Beijing', 20, '150 Changan Rd'); 
INSERT INTO listingAtLocation(lid, latitude, longitude) VALUES(last_insert_id(), 200, 212); 
INSERT INTO amenity(amenityDescription) VALUES('Mao Zedong Museum'); 
INSERT INTO listingOfferAmenity(lid, amenityDescription) VALUES(last_insert_id(), 'Tiananmen Square'); 
INSERT INTO listingOfferAmenity(lid, amenityDescription) VALUES(last_insert_id(), 'Mao Zedong Museum'); 
INSERT INTO listingOffering(offeringDate, lid, price, isAvailable) VALUES('2022-06-04', last_insert_id(), 400, true); 
INSERT INTO listingOffering(offeringDate, lid, price, isAvailable) VALUES('2023-09-10', last_insert_id(), 400, true); 
INSERT INTO listingOffering(offeringDate, lid, price, isAvailable) VALUES('2023-09-11', last_insert_id(), 400, true);
INSERT INTO listingOffering(offeringDate, lid, price, isAvailable) VALUES('2023-06-05', last_insert_id(), 450, true);
INSERT INTO listingOffering(offeringDate, lid, price, isAvailable) VALUES('2023-06-06', last_insert_id(), 700, true);
INSERT INTO listingOffering(offeringDate, lid, price, isAvailable) VALUES('2023-06-07', last_insert_id(), 450, true);
INSERT INTO listingOffering(offeringDate, lid, price, isAvailable) VALUES('2023-06-08', last_insert_id(), 450, true);
INSERT INTO listingOffering(offeringDate, lid, price, isAvailable) VALUES('2023-06-09', last_insert_id(), 450, true);
-- Beijing 3
INSERT INTO listing(ltype) VALUES('Condo'); 
INSERT INTO hostPostListing(SIN, lid, postDate) VALUES('879223766', last_insert_id(), date(now())); 
INSERT INTO address(postalCode, city, country, province, apartmentSuite, street) VALUES('G5T5Z4', 'Beijing', 'China', 'Beijing', 25, '150 Changan Rd'); 
INSERT INTO location(latitude, longitude) VALUES(211, 212); 
INSERT INTO listingHasAddress(lid, postalCode, city, country, province, apartmentSuite, street) VALUES(last_insert_id(), 'G5T5Z4', 'Beijing', 'China', 'Beijing', 25, '150 Changan Rd'); 
INSERT INTO listingAtLocation(lid, latitude, longitude) VALUES(last_insert_id(), 211, 212); 
INSERT INTO amenity(amenityDescription) VALUES('Peking Duck'); 
INSERT INTO listingOfferAmenity(lid, amenityDescription) VALUES(last_insert_id(), 'Tiananmen Square'); 
INSERT INTO listingOfferAmenity(lid, amenityDescription) VALUES(last_insert_id(), 'Peking Duck'); 
INSERT INTO listingOffering(offeringDate, lid, price, isAvailable) VALUES('2022-06-04', last_insert_id(), 400, true); 
INSERT INTO listingOffering(offeringDate, lid, price, isAvailable) VALUES('2023-09-10', last_insert_id(), 400, true); 
INSERT INTO listingOffering(offeringDate, lid, price, isAvailable) VALUES('2023-09-11', last_insert_id(), 400, true);
INSERT INTO listingOffering(offeringDate, lid, price, isAvailable) VALUES('2023-06-05', last_insert_id(), 450, true);
INSERT INTO listingOffering(offeringDate, lid, price, isAvailable) VALUES('2023-06-07', last_insert_id(), 450, true);
INSERT INTO listingOffering(offeringDate, lid, price, isAvailable) VALUES('2023-06-08', last_insert_id(), 450, true);
INSERT INTO listingOffering(offeringDate, lid, price, isAvailable) VALUES('2023-06-09', last_insert_id(), 450, true);